Comment,Description,Designator,Footprint,LibRef,Quantity

"UFL_Connector","CONN U.FL RCPT STR 50 OHM SMD","*J1","UFL_Connector","UFL_Connector","1"
"BH-18650-PC","Battery","BT1","BH18650PC","BH-18650-PC","1"
"GRM155R71H471KA01D","Capacitor","C1, C2, C3, C4","CAPC1005X55N","GRM155R71H471KA01D","4"
".1uF","Chip Capacitor, 22 pF, +/- 5%, 50 V, -55 to 125 degC, 0603 (1608 Metric), RoHS, Tape and Reel","C5, C6, C7, C12, C14, C15, C18","CAPC1608X90X35ML10T15","CMP-2000-04945-1","7"
"22uF","Chip Capacitor, 22 pF, +/- 5%, 50 V, -55 to 125 degC, 0603 (1608 Metric), RoHS, Tape and Reel","C8, C13","CAPC1608X90X35ML10T15","CMP-2000-04945-1","2"
"1uF","Chip Capacitor, 22 pF, +/- 5%, 50 V, -55 to 125 degC, 0603 (1608 Metric), RoHS, Tape and Reel","C9","CAPC1608X90X35ML10T15","CMP-2000-04945-1","1"
"33uF","Chip Capacitor, 22 pF, +/- 5%, 50 V, -55 to 125 degC, 0603 (1608 Metric), RoHS, Tape and Reel","C10, C11","CAPC1608X90X35ML10T15","CMP-2000-04945-1","2"
"12pF","Chip Capacitor, 22 pF, +/- 5%, 50 V, -55 to 125 degC, 0603 (1608 Metric), RoHS, Tape and Reel","C16, C17","CAPC1608X90X35ML10T15","CMP-2000-04945-1","2"
"1SS315TPH3F","Schottky Diode","D1","SOD2513X110N","1SS315TPH3F","1"
"BLM18HE152SN1B","Filter","FL1","BEADC1608X95N","BLM18HE152SN1B","1"
"HDC1080DMBT","Hygrometer","HM1","SON100P300X300X80-7N","HDC1080DMBT","1"
"TPS61291DRVT","Integrated Circuit","IC1","SON65P200X200X80-7N","TPS61291DRVT","1"
"XCC1352R1F3RGZR","Integrated Circuit","IC2","QFN50P700X700X100-49N-D","XCC1352R1F3RGZR","1"
"LM3940IMP-3.3_NOPB","Integrated Circuit","IC3","SOT230P700X180-4N","LM3940IMP-3.3_NOPB","1"
"87898-0204","Connector","J1, J2","878980204","87898-0204","2"
"Header_Pin_6","","J1, J2, J3, J4","Header_Pin_6","Header_Pin_6","4"
"PJ-102A","Connector","J3","PJ-102AH","PJ-102A","1"
"VLF302515MT-3R3M","Inductor","L1","VLF302515MT","VLF302515MT-3R3M","1"
"6.8uH","Power Multilayer Inductor WE-PMI, L=0.47 �H","L2","SMD 0603_A","CMP-1392-00021-1","1"
"1 ohm","","R1","RESC1609X50X30LL10T20","CMP-2000-03820-1","1"
"4.7k","","R2, R3","RESC1609X50X30LL10T20","CMP-2000-03820-1","2"
"10k","","R4","RESC1609X50X30LL10T20","CMP-2000-03820-1","1"
"0","","R5, R6, R7","RESC1609X50X30LL10T20","CMP-2000-03820-1","3"
"100k","","R8","RESC1609X50X30LL10T20","CMP-2000-03820-1","1"
"TPS22860DBVR","Switch","S1","SOT95P280X145-6N","TPS22860DBVR","1"
"MHSS1105","Switch","S3","MHSS1105","MHSS1105","1"
"TPL5111DDCR","Undefined or Miscellaneous","U1","SOT95P280X110-6N","TPL5111DDCR","1"
"BHX1-2032-PC","Undefined or Miscellaneous","U2","BHX12032PC","BHX1-2032-PC","1"
"3362P-1-101LF","Variable Resistor","VR1","3362P1101LF","3362P-1-101LF","1"
"CX2016DB48000C0FPLC1","Crystal or Oscillator","Y1","CX2016DB48000C0FPLC1","CX2016DB48000C0FPLC1","1"
"FC-135_32.7680KA-AG0","Crystal or Oscillator","Y2","FC135327680KAAG0","FC-135_32.7680KA-AG0","1"
